"TCP","EEBO","VID","STC","Status","Author","Date","Title","Terms","Pages"
"A35961",11906661,"50708","Wing D1416; ESTC R9762","Free","Diemerbroeck, Ysbrand van, 1609-1674.; Salmon, William, 1644-1713.","1694","The anatomy of human bodies, comprehending the most modern discoveries and curiosities in that art to which is added a particular treatise of the small-pox & measles : together with several practical observations and experienced cures ... / written in Latin by Ijsbrand de Diemerbroeck ... ; translated from the last and most correct and full edition of the same, by William Salmon ...; Anatome corporis humani. English","Human anatomy -- Early works to 1800.; Measles -- Early works to 1800.; Smallpox -- Early works to 1800.",944
"A42706",11805262,"49419","Wing G672; ESTC R8370","Free","Gibson, Thomas, 1647-1722.","1682","The anatomy of humane bodies epitomized wherein all parts of man's body, with their actions and uses, are succinctly described, according to the newest doctrine of the most accurate and learned modern anatomists / by a Fellow of the College of Physicians, London.","Human anatomy -- Early works to 1800.",527
"A31102",8448669,"41352","Wing B977; ESTC R24735","Free","Bartholin, Thomas, 1616-1680.; Bartholin, Caspar, 1585-1629.; Walaeus, Johannes, 1604-1649.","1668","Bartholinus anatomy made from the precepts of his father, and from the observations of all modern anatomists, together with his own ... / published by Nich. Culpeper and Abdiah Cole.","Human anatomy -- Early works to 1800.",247
"A57335",11848927,"49866","Wing R1525; ESTC R15251","Free","Riolan, Jean, 1580-1657.; Culpeper, Alice.; Culpeper, Nicholas, 1616-1654.; Rand, William.","1657","A sure guide, or, The best and nearest way to physick and chyrurgery that is to say, the arts of healing by medicine and manual operation : being an anatomical description of the whol body of man and its parts : with their respective diseases demonstrated from the fabrick and vse of the said parts : in six books ... at the end of the six books, are added twenty four tables, cut in brass, containing one hundred eighty four figures, with an explanation of them : which are referred to in above a thousand places in the books for the help of young artists / written in Latine by Johannes Riolanus ...; Englished by Nich. Culpeper ... and W.R. ...; Encheiridium anatomicum et pathologicum. English","Human anatomy -- Early works to 1800.; Pathology -- Early works to 1800.",314
"A41730",12600237,"64159","Wing G1463; ESTC R17762","Free","Graaf, Reinier de, 1641-1673.; Packe, Christopher, fl. 1670-1711.","1676","De succo pancreatico, or, A physical and anatomical treatise of the nature and office of the pancreatick juice shewing its generation in the body, what diseases arise by its vitiation : from whence in particular, by plain and familiar examples, is accurately demonstrated, the causes and cures of agues, or intermitting feavers, hitherto so difficult and uncertain, with sundry other things of worthy note / written by D. Reg. de Graaf ... ; and translated by Christopher Pack ...; Tractatus anatomico-medicus de succi pancreatici natura & usu. English","Human anatomy -- Early works to 1800.; Pancreas -- Secretions -- Early works to 1800.",198
"A50576",13659771,"101086","Wing M1667_PARTIAL; Wing M1582_PARTIAL; ESTC R2399","Free","Perrault, Claude, 1613-1688.; Pitfield, Alexander, 1658-1728.; Waller, Richard.; Académie royale des sciences (France)","1688","Memoir's for a natural history of animals containing the anatomical descriptions of several creatures dissected by the Royal Academy of Sciences at Paris / Englished by Alexander Pitfeild ... ; to which is added an account of the measure of a degree of a great circle of the earth, published by the same Academy and Englished by Richard Waller ...; Mémoires pour servir à l'histoire naturelle des animaux. English","Zoology -- Pre-Linnean works.",395
"A29837",9501698,"43322","Wing B5125; ESTC R231817","Free","Browne, John, 1642-ca. 1700.","1678","A compleat treatise of preternatural tumours both general and particular as they appear in the human body from head to foot : to which also are added many excellent and modern historical observations concluding most chapters in the whole discourse / collected from the learned labours both of ancient and modern physicians and chirurgions, composed and digested into this new method by the care and industry of John Brown.","Tumors -- Early works to 1800.",436
"A66516",9985379,"44451","Wing W2854; ESTC R27619","Free","Willis, Thomas, 1621-1675.; Pordage, Samuel, 1633-1691?","1684","Dr. Willis's practice of physick being the whole works of that renowned and famous physician wherein most of the diseases belonging to the body of man are treated of, with excellent methods and receipts for the cure of the same : fitted to the meanest capacity by an index for the explaining of all the hard and unusual words and terms of art derived from the Greek, Latine, or other languages for the benefit of the English reader : with forty copper plates.","Medicine.; Medicine -- Early works to 1800.",1131
"A59999",17215760,"106267","Wing S3496; ESTC R38236","Free","J. S. (John Shirley), M.D.; Shirley, John, 1648-1679.","1678","A short compendium of chirurgery containing its grounds & principles : more particularly treating of imposthumes, wounds, ulcers, fractures & dislocations : also a discourse of the generation and birth of man, very necessary to be understood by all midwives and child-bearing women : with the several methods of curing the French pox, the cure of baldness, inflammation of the eyes, and toothach, and an account of blood-letting, cup-setting, and blooding with leeches / by J.S., M.D.","Medicine -- England -- Early works to 1800.; Medicine, Popular -- Early works to 1800.",140
"A42100",13568217,"100350","Wing G1945; ESTC R10887","Free","Grew, Nehemiah, 1641-1712.","1682","The anatomy of plants with an idea of a philosophical history of plants, and several other lectures, read before the royal society / by Nehemjah Grew ...","Botany -- Anatomy -- Early works to 1800.; Botany -- Pre-Linnean works -- Early works to 1800.; Physics -- Early works to 1800.; Chemistry -- Early works to 1800.",540
"A29835",8092505,"40826","Wing B5122; ESTC R24241","Free","Browne, John, 1642-ca. 1700.","1684","Adenochoiradelogia, or, An anatomick-chirurgical treatise of glandules & strumaes or, Kings-evil-swellings : together with the royal gift of healing, or cure thereof by contact or imposition of hands, performed for above 640 years by our Kings of England continued with their admirable effects, and miraculous events, and concluded with many wonderful examples of cures by their sacred touch / all which are succinctly described by John Browne.","Medicine, Magic, mystic, and spagiric.; Royal touch.",693
"A32698",12100016,"54082","Wing C3678; ESTC R15713","Free","Charleton, Walter, 1619-1707.","1680","Enquiries into human nature in VI. anatomic prælections in the new theatre of the Royal Colledge of Physicians in London / by Walter Charleton ...","Hygiene -- Early works to 1800.; Nutrition -- Early works to 1800.; Soul -- Early works to 1800.",379
"A29782",11730672,"48387","Wing B5065; ESTC R16043","Free","Browne, Thomas, Sir, 1605-1682.","1657","Nature's cabinet unlock'd wherein is discovered the natural causes of metals, stones, precious earths, juyces, humors, and spirits, the nature of plants in general, their affections, parts, and kinds in particular : together with a description of the individual parts and species of all animate bodies ... : with a compendious anatomy of the body of man, as also the manner of his formation in the womb / by Tho. Browne ...","Philosophy of nature.; Plants.; Physiology -- Early works to 1800.",340
"A34837",11990002,"51999","Wing C6698; ESTC R10024","Free","Cowper, William, 1666-1709.","1698","The anatomy of humane bodies with figures drawn after the life by some of the best masters in Europe and curiously engraven in one hundred and fourteen copper plates : illustrated with large explications containing many new anatomical discoveries and chirurgical observations : to which is added an introduction explaining the animal œconomy : with a copious index / by William Cowper.","Human anatomy -- Atlases.; Human anatomy -- Early works to 1800.",166
"A43030",12203671,"56144","Wing H1085; ESTC R13027","Free","Harvey, William, 1578-1657.; Lluelyn, Martin, 1616-1682.","1653","Anatomical exercitations concerning the generation of living creatures to which are added particular discourses of births and of conceptions, &c. / by William Harvey ...; De generatione animalium. English","Reproduction -- Early works to 1800.; Embryology -- Early works to 1800.",600
"A50014",12358474,"60175","Wing L950; ESTC R20857","Free","Le Grand, Antoine, d. 1699.; Blome, Richard, d. 1705.; Kip, Johannes, 1653-1722.; Gucht, Michael van der, 1660-1725.; Lens, Bernard, 1659-1725.; Freman, G.","1694","An entire body of philosophy according to the principles of the famous Renate Des Cartes in three books, (I) the institution ... (II) the history of nature ... (III) a dissertation of the want of sense and knowledge in brute animals ... / written originally in Latin by the learned Anthony Le Grand ; now carefully translated from the last corrections, alterations, and large additions of the author, never yet published ... by Richard Blome.; Institutio philosophiae secundum principia D. Renati Descartes. English","Descartes, René, 1596-1650.; Philosophy -- Early works to 1800.",793
"A43020",99833146,"37621","Wing H1070; ESTC R221901","Free","Harvey, Gideon, 1640?-1700?","1666","Morbus anglicus: or, The anatomy of consumptions Containing the nature, causes, subject, progress, change, signes, prognosticks, preservatives; and several methods of curing all consumptions, coughs, and spitting of blood. With remarkable observations touching the same diseases. To which are added, some brief discourses of melancholy, madness, and distraction occasioned by love. Together with certain new remarques touching the scurvy and ulcers of the lungs. The like never before published. By Gideon Harvey, M.D.","Tuberculosis -- Early works to 1800.",264
"A43108",10343645,"44923","Wing H1190; ESTC R28065","Free","Haworth, Samuel, fl. 1683.","1680","Anthropōlogia, or, A philosophic discourse concerning man being the anatomy both of his soul and body : wherein the nature, origin, union, immaterality, immortality, extension, and faculties of the one and the parts, humours, temperaments, complexions, functions, sexes, and ages respecting the other are concisely delineated / by S.H.","Body, Human -- Early works to 1800.; Man (Theology) -- Early works to 1800.",253
"A31747",12387159,"60888","Wing C2037; ESTC R11562","Free","Charas, Moyse, 1619-1698.","1670","New experiments upon vipers containing also an exact description of all the parts of a viper, the seat of its poyson, and the several effects thereof, together with the exquisite remedies, that by the skilful may be drawn from vipers, as well for the cure of their bitings, as for that of other maladies / originally written in French by M. Charas of Paris ; now rendred English.; Nouvelles expériences sur la vipère. English","Snakes.; Medicine, Popular -- Early works to 1800.",245
"A56500",99863218,"115407","Wing P612; ESTC R203157","Free","Partlicius, Simeon, fl. 1620-1624.; Culpeper, Nicholas, 1616-1654.","1654","A new method of physick: or, A short view of Paracelsus and Galen's practice; in 3. treatises. I. Opening the nature of physick and alchymy. II. Shewing what things are requisite to a physitian and alchymist. III. Containing an harmonical systeme of physick. Written in Latin by Simeon Partlicius, phylosopher, and physitian in Germany. Translated into English by Nicholas Culpeper, Gent. student in physick and astrologie, dwelling on the east-side of Spittle-fields, neer London.; Medici systematis harmonici. English.","Medicine -- Early works to 1800.; Alchemy -- Early works to 1800.",369
"A30877",12006113,"52336","Wing B701; ESTC R15665","Free","Barbette, Paul, d. 1666?; Barbette, Paul, d. 1666? Pest-beschrijving. English.; Fabricius Hildanus, Wilhelm, 1560-1634. New Feldtartznybuch von Kranckheiten und Shäden. English.; Minderer, Raymund, 1570?-1621. Medicina militaris. English.","1687","Thesaurus chirurgiae : the chirurgical and anatomical works of Paul Barbette ... composed according to the doctrine of the circulation of the blood, and other new inventions of the moderns : together with a treatise of the plague, illustrated with observations / translated out of Low-Dutch into English ... ; to which is added the surgeon's chest, furnished both with instruments and medicines ... and to make it more compleat, is adjoyned a treatise of diseases that for the most part attend camps and fleets ; written in High-Dutch by Raymundus Minderius.; Chirurgie nae de hedendaeghse practijck beschreven. English","Medicine -- Early works to 1800.; Plague -- Early works to 1800.; Anatomy -- Early works to 1800.; Surgery -- Early works to 1800.; Surgical instruments and apparatus -- Early works to 1800.",581
"A44323",12282124,"58757","Wing H2620; ESTC R18004","Free","Hooke, Robert, 1635-1703.","1665","Micrographia, or, Some physiological descriptions of minute bodies made by magnifying glasses with observations and inquiries thereupon / by R. Hooke ...","Microscopy -- Early works to 1800.; Microscopes -- Early works to 1800.; Natural history -- Pre-Linnean works.",291
"A43353",8712070,"41619","Wing H1481; ESTC R24982","Free","Henshaw, Nathaniel, d. 1673.","1664","Aero-chalinos, or, A register for the air for the better preservation of health and cure of diseases, after a new method / by Nathaniel Henshaw.","Air.",111
"A53913",12350631,"59975","Wing P1022; ESTC R37452","Free","Pechey, John, 1655-1716.; Chamberlen, Hugh.; Culpeper, Nicholas, 1616-1654.; Boursier, Louise Bourgeois, ca. 1563-1636.; Mayerne, Théodore Turquet de, Sir, 1573-1655.","1698","The compleat midwife's practice enlarged in the most weighty and high concernments of the birth of man containing a perfect directory or rules for midwives and nurses : as also a guide for women in their conception, bearing and nursing of children from the experience of our English authors, viz., Sir Theodore Mayern, Dr. Chamberlain, Mr. Nich. Culpeper ... : with instructions of the Queen of France's midwife to her daughter ... / by John Pechey ... ; the whole illustrated with copper plates.","Obstetrics -- England -- Early works to 1800.; Medicine -- Early works to 1800.",373
"A35985",11770892,"48854","Wing D1445; ESTC R20320","Free","Digby, Kenelm, Sir, 1603-1665.","1669","Of bodies and of mans soul to discover the immortality of reasonable souls : with two discourses, Of the powder of sympathy, and, Of the vegetation of plants / by Sir Kenelm Digby, Knight.","Soul.; Immortality.; Matter -- Early works to 1800.; Atomism -- Early works to 1800.",646
"A62436",12075699,"53574","Wing T1027; ESTC R1148","Free","Thomson, George, 17th cent.","1666","Loimotomia, or, The pest anatomized in these following particulars, Viz. 1. The material cause of the pest, 2. The efficient cause of the pest, 3. The subject part of the pest, 4. The signs of the pest, 5. An historical account of the dissections of a pestilential body by the author, and the consequences thereof, 6. Reflections and observations on the fore-said dissection, 7. Directions preservative and curative against the pest : together with the authors apology against the calumnies of the Galenists, and a word to Mr. Nath. Hodges, concerning his late Vindiciae medicinae / by George Thomson.","Hodges, Nathaniel, 1629-1688. -- Vindiciae medicinae et medicorum.; Plague.",210
"A43764",12253878,"57260","Wing H1969; ESTC R11065","Free","Highmore, Nathaniel, 1613-1685.; Digby, Kenelm, Sir, 1603-1665. Discours fait en une célèbre assemblée, touchant la guérison des playes par la poudre de sympathie. English.","1651","The history of generation examining the several opinions of divers authors, especially that of Sir Kenelm Digby, in his discourse of bodies : with a general relation of the manner of generation, as well in plants as animals : with some figures delineating the first originals of some creatures ... : to which is joyned, A discourse of the cure of wounds by sympathy, or without any real applycation of medicines to the part affected, but especially by that powder, known chiefly by the name of Sir Gilbert Talbots powder / by Nath. Highmore ...","Reproduction -- Early works to 1800.; Wounds and injuries -- Treatment.",157
"A43026",11809605,"49498","Wing H1079; ESTC R228518","Free","Harvey, Gideon, 1640?-1700?","1699","The vanities of philosophy & physick together with directions and medicines easily prepared by any of the least skill, whereby to preserve health, and prolong life, as well in those that live regularly, as others that live irregularly comprizing moreover hypotheses different from those of the schools throughout almost the whole art of physick, and particularly relating to indigestion, and other diseases of the stomach, fevers, consumption, stone, gravel, suppression or urnine, apoplexy, palsie, madness, diseases of the eyes, and others : with variety of medicines, and rules whereby to make particular choice out of them : the whole being a work very useful to all, but especially to those that have any relation to the art of physick / by Gideon Harvey ...","Medicine -- Early works to 1800.; Blood -- Circulation.; Kidneys -- Early works to 1800.; Psychology -- Early works to 1850.",196
"A48704",12246152,"56944","Wing L2528; ESTC R231302","Free","Lister, Martin, 1638?-1712.","1683","Letters and divers other mixt discourses in natural philosophy many of which were formerly published in the Philosophical transactions of Mr. Oldenburg, and part in the Philosophical collections of Mr. Hooke and else where : all which are now revised, augmented, and to them are added very many other matters of the same nature, not before published : also an intire treatis of the nature and use of colours in oyl. painting / written by M. Lister, F. of the R.S.","Natural history -- Pre-Linnean works.; Science -- Early works to 1800.",233
"A66518",99831033,"35495","Wing W2856; ESTC R219572","Free","Willis, Thomas, 1621-1675.; Pordage, Samuel, 1633-1691?","1683","Two discourses concerning the soul of brutes which is that of the vital and sensitive of man. The first is physiological, shewing the nature, parts, powers, and affections of the same. The other is pathological, which unfolds the diseases which affect it and its primary seat; to wit, the brain and nervous stock, and treats of their cures: with copper cuts. By Thomas Willis doctor in physick, professor of natural philosophy in Oxford, and also one of the Royal Society, and of the renowned college of physicians in London. Englished by S. Pordage, student in physick.","Anatomy, Pathological -- England -- Early works to 1800.; Animism -- England -- Early works to 1800.",252
"A34839",10638368,"45473","Wing C6700; ESTC R28571","Free","Cowper, William, 1666-1709.","1694","Myotomia reformata, or, A new administration of all the muscles of humane bodies wherein the true uses of the muscles are explained, the errors of former anatomists concerning them confuted, and several muscles not hitherto taken notice of described : to which are subjoin'd a graphical description of the bones, and other anatomical observations : illustrated with figures after the life / by William Cowper, Surgeon.","Muscles -- Early works to 1800.; Anatomy -- Early works to 1800.",335
"A28974",12547275,"63097","Wing B3966; ESTC R17645","Free","Boyle, Robert, 1627-1691.","1684","Experiments and considerations about the porosity of bodies in two essays / by the honourable Robert Boyle ...","Chemistry -- Early works to 1800.; Porosity -- Early works to 1800.; Anatomy -- Early works to 1800.; Physiology -- Early works to 1800.",152
"A44321",7934020,"40537","Wing H2618; ESTC R23972","Free","Hooke, Robert, 1635-1703.","1678","Lectures and collections made by Robert Hooke.","Microscopy -- Early works to 1800.; Microscopes -- Early works to 1800.; Comets.",142
"A39637",8121975,"40916","Wing F1129; ESTC R24327","Free","Flamant, M., fl. 1692-1699.","1697","The art of preserving and restoring health explaining the nature and causes of the distempers that afflict mankind : also shewing that every man is, or may be his own best physician : to which is added a treatise of the most simple and effectual remedies for the diseases of men and women / written in French by M. Flamand ; and faithfully translated into English.","Medicine -- Early works to 1800.; Health.",140
"A43013",12489822,"62337","Wing H1060; ESTC R22552","Free","Harvey, Gideon, 1640?-1700?","1686","The conclave of physicians in two parts, detecting their intrigues, frauds, and plots, against their patients, and their destroying the faculty of physick : also a peculiar discourse of the Jesuits bark, the history thereof, with its true use and abuse : moreover an account of some eminent cases and new principles in physick, of greater use than any yet known / by Gideon Harvey ...","Medicine -- Early works to 1800.; Physicians -- England -- Discipline.",292
"A29016",11799471,"49353","Wing B4013; ESTC R7218","Free","Boyle, Robert, 1627-1691.","1685","Of the reconcileableness of specifick medicines to the corpuscular philosophy to which is annexed a discourse about the advantages of the use of simple medicines / by Robert Boyle ...","Medicine -- Early works to 1800.",257
"A32704",12384379,"60811","Wing C3684; ESTC R9545","Free","Charleton, Walter, 1619-1707.","1659","Natural history of nutrition, life, and voluntary motion containing all the new discoveries of anatomist's and most probable opinions of physicians, concerning the oeconomie of human nature : methodically delivered in exercitations physico-anatomical / by Walt. Charlton ...","Human anatomy -- Early works to 1800.; Physiology -- Early works to 1800.; Natural history -- Pre-Linnean works.",238
"A42668",12250793,"57077","Wing G624; ESTC R6249","Free","Topsell, Edward, 1572-1625?; Topsell, Edward, 1572-1625? Historie of serpents.; Gesner, Konrad, 1516-1565. Historia animalium Liber 1. English.; Gesner, Konrad, 1516-1565. Historia animalium Liber 5. English.; Moffett, Thomas, 1553-1604. Insectorum sive minimorum animalium theatrum. English.; Rowland, John, M.D.","1658","The history of four-footed beasts and serpents describing at large their true and lively figure, their several names, conditions, kinds, virtues ... countries of their breed, their love and hatred to mankind, and the wonderful work by Edward Topsell ; whereunto is now added, The theater of insects, or, Lesser living creatures ... by T. Muffet ...; Historie of foure-footed beasts","Zoology -- Pre-Linnean works.",1026
"A43016",12158672,"55228","Wing H1063; ESTC R15315","Free","Harvey, Gideon, 1640?-1700?","1675","The disease of London, or, A new discovery of the scorvey [sic] comprising the nature, manifold differences, various causes, signs, prognostics, chronology, and several methods of curing the said disease by remedies, galenical and chymical : together with anatomical observations, and discourses on convulsions, palsies, apoplexies, rheumatisms, gouts, malignant fevors, and small pox, with their methods of cure and remedies : likewise, particular observations on most of the fore-mentioned diseases / by Gideon Harvey ...","Scurvy -- Early works to 1800.; Smallpox -- Early works to 1800.",312
"A25813",10066166,"44491","Wing A3689A; ESTC R27655","Free","Aristotle, pseud.","1694","Aristotle's master-piece, or, The secrets of generation displayed in all the parts thereof ... very necessary for all midwives, nurses, and young-married women.","Obstetrics -- Early works to 1800.; Reproduction.",194
"A29031",12219966,"56384","Wing B4029; ESTC R19249","Free","Boyle, Robert, 1627-1691.; Sharrock, Robert, 1630-1684.","1663","Some considerations touching the vsefulnesse of experimental naturall philosophy propos'd in familiar discourses to a friend, by way of invitation to the study of it.","Science -- Early works to 1800.",580
"A28375",7874253,"40248","Wing B3186; ESTC R23701","Free","Blégny, Monsieur de (Nicolas), 1652-1722.; Harris, Walter, 1647-1732.","1676","New and curious observations on the art of curing the veneral disease and the accidents that it produces in all its degrees explicatd by natural and mechanical principles with the motions, actions, and effects of mercury and its other remedies : wherein are discovered on the same subject the errours of some authors ... / written in French by Monsieur de Blegny ; Englished by Walter Harris.","Sexually transmitted diseases -- Early works to 1800.",217
"A69471",12725725,"66371","Wing A3254; ESTC R17011","Free","Bureau d'adresse et de rencontre (Paris, France); Havers, G. (George); Davies, John, 1625-1693.; Renaudot, Théophraste, 1586-1653.; Renaudot, Eusèbe, 1613-1679.","1665","Another collection of philosophical conferences of the French virtuosi upon questions of all sorts for the improving of natural knowledg made in the assembly of the Beaux Esprits at Paris by the most ingenious persons of that nation / render'd into English by G. Havers, Gent. & J. Davies ..., Gent.; Recueil général des questions traitées és conférences du Bureau d'adresse. 101-240. English","Philosophy, French -- 17th century.",520
"A60482",12622712,"64566","Wing S4114; ESTC R22883","Free","Smith, John, 1630-1679.","1666","Gērochomia vasilikē King Solomons portraiture of old age : wherein is contained a sacred anatomy both of soul and body, and a perfect account of the infirmities of age, incident to them both : and all those mystical and ænigmatical symptomes expressed in the six former verses of the 12th chapter of Ecclesiastes, are here paraphrased upon and made plain and easie to a mean capacity / by John Smith ...","Bible. -- O.T. -- Ecclesiastes XII, 1-6 -- Paraphrases, English.",292
"A58185",13452200,"99604","Wing R410; ESTC R3192","Free","Ray, John, 1627-1705.","1691","The wisdom of God manifested in the works of the creation being the substance of some common places delivered in the chappel of Trinity-College, in Cambridge / by John Ray ...","Natural theology -- Early works to 1800.; Science -- Early works to 1800.; Creation -- Early works to 1800.",260
"A50778",11791731,"49229","Wing M1995; ESTC R31226","Free","Midgley, Robert, 1655?-1723.","1687","A new treatise of natural philosophy, free'd from the intricacies of the schools adorned with many curious experiments both medicinal and chymical : as also with several observations useful for the health of the body.","Physics -- Early works to 1800.; Science -- Early works to 1800.",356
"A62438",99833411,"37887","Wing T1029; ESTC R222195","Free","Thomson, George, 17th cent.","1675","Ortho-methodoz itro-chymikē: or the direct method of curing chymically Wherein is conteined [sic] the original matter, and principal agent of all natural bodies. Also the efficient and material cause of diseases in general. Their therapeutick way and means. I. Diætetical, by rectifying eating, drinking, &c. II. Pharmaceutick. 1. By encreasing and supporting the vital spirits. 2. By pacifying and indulging them. 3. By defacing or blotting out the idea of diseases by proper specificks. Lastly, by removing the extimulating or occasional cause of maladies. To which is added, The art of midwifery chymically asserted. The character of an ortho-cymist, and pseudochymist. A description of the sanative virtues of our stomach-essence. Also, giawo-mempsiz: or a just complaint of the method of the Galenists. By George Thomson, M.D.","Diseases -- Causes and theories of causation -- Early works to 1800.; Medicine -- Early works to 1800.",216
"A29836",12329068,"59608","Wing B5124; ESTC R9077","Free","Browne, John, 1642-ca. 1700.","1678","A compleat discourse of wounds, both in general and particular whereunto are added the severall fractures of the skull, with their variety of figures : as also a treatise of gunshot-wounds in general / collected and reduced into a new method by John Brown ...","Wounds and injuries -- Early works to 1800.; Wounds and injuries -- Treatment -- Early works to 1800.",371
"A39798",11794065,"49277","Wing F1337; ESTC R5192","Free","Fletcher, John, d. 1613.","1641","The differences, causes, and iudgements of urine according to the best writers thereof, both old and new, summarily collected / by I. Fletcher.","Urine -- Early works to 1800.",167
"A42108",11294916,"47321","Wing G1952A; ESTC R30322","Free","Grew, Nehemiah, 1641-1712.","1685","Musæum regalis societatis, or, A catalogue and description of the natural and artificial rarities belonging to the Royal Society and preserved at Gresham Colledge made by Nehemiah Grew ; whereunto is subjoyned The comparative anatomy of stomachs and guts by the same author.","Royal Society (Great Britain). -- Museum.; Natural history museums -- Catalogs.",505
"A42395",99826056,"30448","Wing G253; ESTC R213757","Free","Garencières, Theophilus, 1610-1680.","1676","Thw admirable virtues, and wonderful effects of the true and genuine tincture of coral, in physick; grounded upon reason, established by experience, and confirmed by authentical authors in all ages. Never found out plainly till now. By Theophilus Garencieres, doctor in physick, Colleg. Lond.","Medicine -- Early works to 1800.",104
"A70920",13172967,"98322","Wing R1034; ESTC R1662","Free","Bureau d'adresse et de rencontre (Paris, France); Havers, G. (George); Renaudot, Théophraste, 1586-1653.; Renaudot, Eusèbe, 1613-1679.; Renaudot, Isaac, d. 1680.","1664","A general collection of discourses of the virtuosi of France, upon questions of all sorts of philosophy, and other natural knowledg made in the assembly of the Beaux Esprits at Paris, by the most ingenious persons of that nation / render'd into English by G. Havers, Gent.; Recueil général des questions traitées és conférences du Bureau d'adresse. 1-100. English","Philosophy, French -- 17th century.; Science -- Early works to 1800.",597
"A56300",13501711,"99780","Wing P4224; ESTC R6282","Free","Purchas, Samuel, 1577?-1626.","1657","A theatre of politicall flying-insects wherein especially the nature, the vvorth, the vvork, the wonder, and the manner of right-ordering of the bee, is discovered and described : together with discourses, historical, and observations physical concerning them : and in a second part are annexed meditations, and observations theological and moral, in three centuries upon that subject / by Samuel Purchas ...","Bees -- Early works to 1800.",394
"A28477",12395374,"61138","Wing B3351; ESTC R17881","Free","Blount, Thomas Pope, Sir, 1649-1697.","1693","A natural history containing many not common observations extracted out of the best modern writers / by Sir Thomas Pope Blount, Baronet.","Natural history -- Pre-Linnean works.",470
"A28396",12757085,"93443","Wing B3213; ESTC R23267","Free","Blome, Richard, d. 1705.","1686","The gentlemans recreation in two parts : the first being an encyclopedy of the arts and sciences ... the second part treats of horsmanship, hawking, hunting, fowling, fishing, and agriculture : with a short treatise of cock-fighting ... : all which are collected from the most authentick authors, and the many gross errors therein corrected, with great enlargements ... : and for the better explanation thereof, great variety of useful sculptures, as nets, traps, engines, &c. are added for the taking of beasts, fowl and fish : not hitherto published by any : the whole illustrated with about an hundred ornamental and useful sculptures engraven in copper, relating to the several subjects.","Encyclopedias and dictionaries -- Early works to 1800.; Sports -- Great Britain.; Agriculture -- Early works to 1800.; Science -- Early works to 1800.; Hunting -- Early works to 1800.; Veterinary medicine -- Early works to 1800.",538
"A86183",99862715,"114890","Wing H1398; Thomason E601_6; ESTC R202434","Free","Helmont, Jean Baptiste van, 1577-1644.; Charleton, Walter, 1619-1707.","1650","Deliramenta catarrhi: or, The incongruities, impossibilities, and absurdities couched under the vulgar opinion of defluxions. The author, that great philosopher, by fire, Joh. Bapt. Van Helmont, &c. The translator and paraphrast Dr. Charleton, physician to the late King.","Catarrh -- Early works to 1800.",88
"A28944",12547210,"63094","Wing B3930; ESTC R17579","Free","Boyle, Robert, 1627-1691.","1669","Certain physiological essays and other tracts written at distant times, and on several occasions by the honourable Robert Boyle ; wherein some of the tracts are enlarged by experiments and the work is increased by the addition of a discourse about the absolute rest in bodies.","Science -- Early works to 1800.",356
"A58326",13219834,"98525","Wing R663; ESTC R5968","Free","Redi, Francesco, 1626-1698.; Charas, Moyse, 1619-1698. Nouvelles expériences sur la vipère. Suite. English.","1673","A letter of Francesco Redi concerning some objections made upon his Observations about vipers written to Monsieur Bourdelot ... and Monsieur Alexander Morus : printed in Italian at Florence, 1670 / now made English ; together with the sequel of New experiments upon vipers, and a dissertation upon their poyson ... written in French by Moyse Charas ; now likewise Englished.; Lettera di Francesco Redi sopra alcune opposizioni fatte alle sue Osservazioni intorno alle vipere. English","Redi, Francesco, 1626-1698. -- Osservazioni intorno alle vipere.; Snakes -- Early works to 1800.",113
"A62018",13452241,"99606","Wing S6233; ESTC R3239","Free","Swammerdam, Jan, 1637-1680.; Tyson, Edward, 1650-1708.","1681","Ephemeri vita, or, The natural history and anatomy of the Ephemeron, a fly that lives but five hours written originally in Low-Dutch by Jo. Swammerdam ...; Ephemeri vita. English","Insects -- Anatomy.",72
"A23630",8038068,"40751","Wing A1022; ESTC R24170","Free","Allen, Charles.","1686","The operator for the teeth shewing how to preserve the teeth and gums from all the accidents they are subject to : with particular directions for childrens teeth : as also the description and use of the polican, never published before / by Charles Allen.","Dentistry -- Early works to 1800.",59
"A39383",12297480,"59081","Wing E708; ESTC R21774","Free","Emes, Thomas, d. 1707.","1698","A dialogue between alkali and acid containing divers philosophical and medicinal considerations : wherein a late pretended new hypothesis asserting alkali the cause and acid the cure of all diseases, is proved groundless and dangerous : being a specimen of the immodest self-applause, shameful contempt, and abuse of all physicians, gross mistakes and great ignorance of the pretender John Colbatch / by T.E., Chirurgo-Medicus.","Medicine -- Early works to 1800.",116
"A43024",12068459,"53438","Wing H1076; ESTC R23411","Free","Harvey, Gideon, 1640?-1700?; J. T.","1674","A theoretical and chiefly practical treatise of fevors wherein it's made evident that the modern practice of curing continual fevors is dangerous and very unsuccessful : hereunto are added several important observations and cures of malignant fevors not inserted in the former impression / written in Latin by Gideon Harvey ... ; now rendered into English by J.T. and surveyed by the author.; De febribus tractatus theoreticus et practicus praecipue. English","Fever -- Early works to 1800.; Medicine -- Early works to 1800.",135
"A37987",11836866,"49767","Wing E201; ESTC R13760","Free","Edwards, John, 1637-1716.","1696","A demonstration of the existence and providence of God, from the contemplation of the visible structure of the greater and the lesser world in two parts, the first shewing the excellent contrivance of the heavens, earth, sea, &c., the second the wonderful formation of the body of man / by John Edwards ...","God -- Proof, Ontological.; Nature -- Religious aspects.",448
"A28965",45097569,"44036","Wing B3952; ESTC R170743","Free","Boyle, Robert, 1627-1691.","1673","Essays of the strange subtilty great efficacy determinate nature of effluviums. To which are annext New experiments to make fire and flame ponderable. : Together with A discovery of the perviousness of glass. : Also An essay, about the origine and virtue of gems. / By the Honourable Robert Boyle ... ; To which is added The prodromus to a dissertation concerning solids naturally contained within solids giving an account of the Earth, and its productions. By Nicholas Steno. ; Englished by H.O.; Essays of the strange subtilty, determinate nature, great efficacy of effluviums","Chemistry -- Early works to 1800.",306
"A43011",12489815,"62336","Wing H1057; ESTC R22533","Free","Harvey, Gideon, 1640?-1700?","1678","Casus medico-chirurgicus, or, A most memorable case, of a noble-man deceased wherein is shewed His Lordship's wound, the various diseases survening, how his physicians and surgeons treated him, how treated by the author after my Lord was given over by all his physicians, with all their opinions and remedies : moreover, the art of curing the most dangerous of wounds, by the first intention, with the description of the remedies / by Gideon Harvey ...","Wounds and injuries -- Treatment.",168
"A64096",12494895,"62473","Wing T3598; ESTC R185850","Free","Tyson, Edward, 1650-1708.; Gucht, Michael van der, 1660-1725.","1699","Orang-outang, sive, Homo sylvestris, or, The anatomy of a pygmie compared with that of a monkey, an ape, and a man to which is added, A philological essay concerning the pygmies, the cynocephali, the satyrs and sphinges of the ancients : wherein it will appear that they are all either apes or monkeys, and not men, as formerly pretended / by Edward Tyson ...","Pygmies -- Early works to 1800.; Anatomy, Comparative.",232
"A86278",99866645,"118922","Wing H1672; Thomason E946_3; ESTC R207604","Free","Heydon, John, b. 1629.","1658","A new method of Rosie Crucian physick: wherein is shewed the cause; and therewith their experienced medicines for the cure of all diseases, theoparadota; freely given to the inspired Christians, by Ton aggelon presbytaton, ton archaggelon, logon, archon, onoma theo. And in obedience fitted for the understanding of mean capacities by the adorer, and the most unworthy of their love, John Heydon, a servant of God, and secretary of nature.","Rosicrucians -- England -- Early works to 1800.; Medicine, Popular -- Early works to 1800.",70
"A42154",18421540,"107560","Wing G2019; ESTC R39483","Free","Griffith, Richard, 1635?-1691.","1681","A-la-mode phlebotomy no good fashion, or, The copy of a letter to Dr. Hungerford complaining of and instancing in the phantastick behaviour and unfair dealing of some London physitians when they come to be consulted withal about sick persons living at a distance from them in the country : whereupon a fit occasion is taken to discourse of the profuse way of blood-letting formerly unheard of, though now adays so mightily in request amongst vs here in England / by Richard Griffith ...","Phlebotomy.; Medicine -- Early works to 1800.",229
"A29007",12760915,"93491","Wing B4000_PARTIAL; Wing B3942_PARTIAL; ESTC R23366","Free","Boyle, Robert, 1627-1691.; Sharrock, Robert, 1630-1684.; Boyle, Robert, 1627-1691. Defence of the doctrine touching the spring and weight of the air.; Boyle, Robert, 1627-1691. Examen of Mr. T. Hobbes his Dialogus physicus de naturâ aëris.","1682","New experiments physico-mechanical, touching the air; New experiments physico-mechanical, touching the spring of the air, and its effects","Line, Francis, 1595-1675. -- Tractatus de corporum inseparabilitate.; Hobbes, Thomas, 1588-1679. -- Dialogus physicus.; Boyle, Robert, 1627-1691 -- Bibliography.; Air -- Early works to 1800.; Air-pump -- Early works to 1800.",461
"A33733",7884083,"40268","Wing C5043; ESTC R23720","Free","Cole, William, 1635-1716.; Kimberley, Samuel.","1689","A physico-medical essay concerning the late frequency of apoplexies together with a general method of their prevention and cure : in a letter to a physician / by William Cole.","Cerebrovascular disease -- Early works to 1800.",201
"A46234",12013083,"52474","Wing J1017; ESTC R1444","Free","Jonstonus, Joannes, 1603-1675.; Libavius, Andreas, d. 1616.; Rowland, John, M.D.","1657","An history of the wonderful things of nature set forth in ten severall classes wherein are contained I. The wonders of the heavens, II. Of the elements, III. Of meteors, IV. Of minerals, V. Of plants, VI. Of birds, VII. Of four-footed beasts, VIII. Of insects, and things wanting blood, IX. Of fishes, X. Of man / written by Johannes Jonstonus, and now rendred into English by a person of quality.; Thaumatographia naturalis. English","Science -- Early works to 1800.; Silkworms -- Early works to 1800.",372
"A86032",99869343,"169706","Wing G860; Thomason E1267_1; ESTC R210557","Free","Glisson, Francis, 1597-1677.; Bate, George, 1608-1669.; Regemorter, Assuerus, 1614-1650.","1651","A treatise of the rickets being a diseas common to children. Wherin (among many other things) is shewed, 1. The essence 2. The causes 3. The signs 4. The remedies of the diseas. Published in Latin by Francis Glisson, George Bate, and Ahasuerus Regemorter; doctors in physick, and fellows of the Colledg of Physitians at London. Translated into English by Phil. Armin.; De rachitide, sive, Morbo puerili. English.","Rickets -- Early works to 1800.; Bones -- Diseases -- Early works to 1800.; Medicine -- Early works to 1800.",373
"A53915",12575881,"63569","Wing P1024; ESTC R1373","Free","Pechey, John, 1655-1716.","1696","A general treatise of the diseases of maids, bigbellied women, child-bed-women, and widows together with the best methods of preventing or curing the same / by J. Pechey ...","Women -- Diseases -- Early works to 1800.",324
"A62433",13575951,"100452","Wing T1023; ESTC R33830","Free","Thomson, George, 17th cent.","1665","Galeno-pale, or, A chymical trial of the Galenists, that their dross in physick may be discovered with the grand abuses and disrepute they have brought upon the whole art of physick and chirurgery ... To which is added an appendix De litho-colo ... / by Geo. Thomson ...","Medicine -- Early works to 1800.",138
"A43008",13378328,"99339","Wing H1053_ENTIRE; Wing H1075_PARTIAL; ESTC R17466","Free","Harvey, Gideon, 1640?-1700?","1663","Archelogia philosophica nova, or, New principles of philosophy containing philosophy in general, metaphysicks or ontology, dynamilogy or a discourse of power, religio philosophi or natural theology, physicks or natural philosophy / by Gideon Harvey ...","Philosophy.; Natural theology -- Early works to 1800.; Science -- Early works to 1800.",785
"A43019",12158679,"55229","Wing H1068; ESTC R15361","Free","Harvey, Gideon, 1640?-1700?","1670","Little Venus unmask'd, or, A perfect discovery of the French pox comprising the opinions of most ancient and modern physicians, with the author's judgement and observations upon the rise, nature, subject, causes, kinds, signs, and prognosticks of the said disease : together, with several nice questions, and twelve different ways and methods of curing that disease, and the running of the reins by Gideon Harvey.","Smallpox -- France.",169
"A57647",12255049,"57373","Wing R1947; ESTC R13878","Free","Ross, Alexander, 1591-1654.","1652","Arcana microcosmi, or, The hid secrets of man's body discovered in an anatomical duel between Aristotle and Galen concerning the parts thereof : as also, by a discovery of the strange and marveilous diseases, symptomes & accidents of man's body : with a refutation of Doctor Brown's Vulgar errors, the Lord Bacon's natural history, and Doctor Harvy's book, De generatione, Comenius, and others : whereto is annexed a letter from Doctor Pr. to the author, and his answer thereto, touching Doctor Harvy's book De Generatione / by A.R.","Harvey, William, 1578-1657. -- De generatione animalium.; Browne, Thomas, -- Sir, 1605-1682. -- Pseudodoxia epidemica.; Bacon, Francis, 1561-1626. -- Sylva sylvarum.; Comenius, Johann Amos, 1592-1670.; Medicine -- Early works to 1800.; Natural history -- Pre-Linnean works.; Physiology -- Early works to 1800.",298
"A29738",17869827,"106684","Wing B5012; ESTC R38643","Free","Brown, Andrew.","1691","A vindicatory schedule concerning the cure of fevers containing a disquisition theoretical and practical, of the new and most effectual method of curing continual fevers, first invented and delivered by the sagacious Dr. Tho. Sydenham : also shewing by way of preliminary, the indispensible charge lying on physicians to improve themselves and the art ... : with an appendix of Sanctorius his Medicina statica ... / by Andrew Broun, M.D.","Sydenham, Thomas, 1624-1689. -- Methodus curandi febres, propriis observationibus superstructa.; Santorio, Santorio, 1561-1636. -- De statica medicina.; Fever therapy.",263
"A50385",12308678,"59323","Wing M1428; ESTC R32060","Free","Mayerne, Théodore Turquet de, Sir, 1573-1655.; Bonet, Théophile, 1620-1689.; Sherley, Thomas, 1638-1678.","1677","Medicinal councels, or advices written originally in French by Dr. Theodor Turquet de Mayerne ... ; put out in Latine at Gevena by Theoph. Bonetus ; Englished by Tho. Sherley ...","Medicine -- Early works to 1800.",161
"A32712",12148930,"55028","Wing C3691; ESTC R10324","Free","Charleton, Walter, 1619-1707.; Epicurus.; Gassendi, Pierre, 1592-1655.","1654","Physiologia Epicuro-Gassendo-Charltoniana, or, A fabrick of science natural, upon the hypothesis of atoms founded by Epicurus repaired [by] Petrus Gassendus ; augmented [by] Walter Charleton ...","Science -- History -- Early works to 1800.; Physics -- Early works to 1800.; Atomism.",505
"A66496",17881744,"106699","Wing W2836; ESTC R38657","Free","Willis, Thomas, 1621-1675.; Pordage, Samuel, 1633-1691?","1681","An essay of the pathology of the brain and nervous stock in which convulsive diseases are treated of / being the work of Thomas Willis ... ; translated out of Latine into English, by S.P.; Pathologiæ cerebri et nervosi generis specimen. English","Nervous system -- Diseases -- Early works to 1800.; Scurvy -- Early works to 1800.",111
"A30711",11910027,"50778","Wing B6257; ESTC R11109","Free","Busschof, Hermann. Of the gout.; Busschof, Hermann. Of the gout and its nature more narrowly search'd into than hitherto, together with a new way of discharging the same.; Busschof, Hermann. Gout more narrowly searcht and found out, together with the certain cure thereof.; Busschof, Hermann. Podagra, nader als oyt nagevorst enytgevonden.","1676","Two treatises the one medical, Of the gout and its nature more narrowly search'd into than hitherto, together with a new way of discharging the same / by Herman Busschof ; the other partly chirurgical, partly medical containing Some observations and practices relating both to some extraordinary cases of women in travel, and to some other uncommon cases of diseases in both sexes by Henry Van Roonhuysen ... ; Englished out of Dutch by a careful hand.","Gout -- Early works to 1800.",152
"A42106",16439337,"105413","Wing G1951; ESTC R37408","Free","Grew, Nehemiah, 1641-1712.","1673","An idea of a phytological history propounded together with a continuation of the anatomy of vegetables, particularly prosecuted upon roots : and an account of the vegetation of roots grounded chiefly thereupon / by Nehemiah Grew ...","Roots (Botany) -- Anatomy.; Botany -- Pre-Linnean works.",228
"A29838",12734549,"92980","Wing B5126; ESTC R20507","Free","Browne, John, 1642-ca. 1700.; Casseri, Giulio Cesare, ca. 1552-1616. Tabula anatomicae.; Molins, William. Myskotomia.","1681","A compleat treatise of the muscles as they appear in humane body, and arise in dissection with diverse anatomical observations not yet discover'd : illustrated by near fourty copper-plates, accurately delineated and engraven / by John Browne ...; Compleat treatise of the muscles","Muscles.; Human anatomy -- Early works to 1800.",337
"A59200",99832430,"36903","Wing S2541A; ESTC R221050","Free","Sennert, Daniel, 1572-1637.; Culpeper, Nicholas, 1616-1654.; Cole, Abdiah, ca. 1610-ca. 1670.","1662","The sixth book of Practical physick Of occult or hidden diseases; in nine parts Part I. Of diseases from occult qualities in general. Part. II. Of occult, malignant, and venemous diseases arising from the internal fault of the humors. Part III. Of occult diseases from water, air, and infections, and of infectious diseases. Part IV. Of the venereal pox. Part V. Of outward poysons in general Part VI. Of poysons from minerals and metals. Part. VII. Of poysons from plants. Part VIII. Of poysons that come from living creatures. Part IX. Of diseases by witchcraft, incantation, and charmes. By Daniel Sennertus, N Culpeper, and Abdiah Cole, Doctors of Physick","Medicine -- Early works to 1800.; Witchcraft -- England -- Early works to 1800.; Medicine, Popular -- England -- Early works to 1800.; Poisonous snakes -- Early works to 1800.",126
"A43859",12278387,"58567","Wing H2071; ESTC R13229","Free","Hippocrates.; Galen.; Heurne, Johan van, 1543-1601.; Fuchs, Leonhart, 1501-1566.; Soranus, of Ephesus.; S. H.","1655","The aphorismes of Hippocrates, prince of physitians with a short comment on them taken out of those larger notes of Galen, Heurnius, Fuchsius, &c. : with an exact table shewing the substance of every aphorisme.; Aphorisms. English","Hippocrates.; Medicine -- Aphorisms.; Medicine, Greek and Roman.",404
"A29052",13161366,"98191","Wing B4054; ESTC R17545","Free","Boyle, Robert, 1627-1691.","1674","Tracts containing I. suspicions about some hidden qualities of the air : with an appendix touching celestial magnets and some other particulars : II. animadversions upon Mr. Hobbes's Problemata de vacuo : III. a discourse of the cause of attraction by suction / by the honourable Robert Boyle Esq. ...; Selections. 1674","Hobbes, Thomas, 1588-1679. -- Problemata physica.; Air -- Early works to 1800.; Pneumatics -- Early works to 1800.",324
"A36424",12138029,"54814","Wing D201; ESTC R5098","Free","Daniel, Gabriel, 1649-1728.; Taylor, Thomas, 1669 or 70-1735.; Defoe, Daniel, 1661?-1731.","1692","A voyage to the world of Cartesius written originally in French, and now translated into English.; Voyage du monde de Descartes. English","Descartes, René, 1596-1650.; Philosophy -- Early works to 1800.",301
"A61896",8256156,"41240","Wing S6067; ESTC R24632","Free","Stubbe, Henry, 1632-1676.","1670","A specimen of some animadversions upon a book entituled, Plus ultra, or, Modern improvements of useful knowledge writtten by Mr. Joseph Glanvill, a member of the Royal Society.","Glanvill, Joseph, 1636-1680. -- Plus ultra.",195
"A29856",12010383,"52388","Wing B515; ESTC R16777","Free","Baker, Robert, Chirurgeon.","1697","Cursus osteologicus being a compleat doctrine of the bones according to the newest and most refin'd notions of anatomy : shewing their nature, substance, composition, manner of ossification, nourishment, &c. ... : to which is annex'd by way of appendix, an excellent method of whitening, cleansing, preparing, and uniting the bones, to form a movable skeleton ... / by Robert Baker, Chirurgeon.","Bones.; Skeleton.",142
"A28956",12258632,"57681","Wing B3941; ESTC R26549","Free","Boyle, Robert, 1627-1691.; Sharrock, Robert, 1630-1684.","1662","A defence of the doctrine touching the spring and weight of the air propos'd by Mr. R. Boyle in his new physico-mechanical experiments, against the objections of Franciscus Linus ; wherewith the objector's funicular hypothesis is also examin'd, by the author of those experiments.","Line, Francis, 1595-1675.; Air -- Early works to 1800.; Air-pump -- Early works to 1800.; Physics -- Experiments -- Early works to 1800.",134
"A61877",18213733,"107178","Wing S6044; ESTC R39110","Free","Stubbe, Henry, 1632-1676.; Stubbe, Henry, 1632-1676. Relation of the strange symptomes happening by the bite of an adder, and the cure thereof.","1671","An epistolary discourse concerning phlebotomy in opposition to G. Thomson pseudo-chymist, a pretended disciple of the Lord Verulam : wherein the nature of the blood, and the effects of blood-letting, are enquired into, and the practice thereof experimentally justified (according as it is used by judicious physicians) : [bracket] in the pest, and pestilential diseases, in the small pox, in the scurvey, in pleurisies, and in several other diseases / by Henry Stubbe ...","Thomson, George, 17th cent.; Phlebotomy -- Early works to 1800.; Therapeutics -- Great Britain -- Early works to 1800.",319
"A51304",12185492,"55765","Wing M2663; ESTC R2813","Free","More, Henry, 1614-1687.","1659","The immortality of the soul, so farre forth as it is demonstrable from the knowledge of nature and the light of reason by Henry More ...","Immortality.; Soul.",608
"A61890",13546532,"100145","Wing S6059; ESTC R33665","Free","Stubbe, Henry, 1632-1676.","1671","The Lord Bacons relation to the sweating-sickness examined, in a reply to George Thomson, pretender to physick and chymistry together with a defence of phlebotomy in general, and also particularly in the plague, small-pox, scurvey, and pleurisie, in opposition to the same author, and the author of Medela medicinæ, Doctor Whitaker, and Doctor Sydenham : also, a relation concerning the strange symptomes happening upon the bite of an adder, and, a reply by way of preface to the calumnies of Eccebolius Glanvile / by Henry Stubbe ...","Thomson, George, 17th cent.; Bacon, Francis, 1561-1626. -- Historie of the raigne of King Henry the Seventh.; Sweating-sickness.; Phlebotomy.",362
"A24961",11968041,"51771","Wing A259; ESTC R7121","Free","","1670","An Account of the causes of some particular rebellious distempers viz. the scurvey, cancers in women's breasts, &c. vapours, and melancholy, &c. weaknesses in women, &c. gout, fistula in ano, dropsy, agues, &c. : together with the vertues and uses of a select number of chymical medicines studiously prepar'd for their cure and adapted to the constitutions and temperaments of all ages and both sexes / by an eminent practitioner in physick, surgery and chymistry ...","Medicine -- Early works to 1800.",92
"A43281",12275060,"58424","Wing H1393; ESTC R9542","Free","Helmont, Franciscus Mercurius van, 1614-1699.; J. B.","1685","The paradoxal discourses of F.M. Van Helmont concerning the macrocosm and microcosm, or, The greater and lesser world and their union set down in writing by J.B. and now published.; Paradoxale discoursen ofte ongemeene meeningen van de groote en kleyne wereld en speciaal van de wederkeeringe der menschelijke zielen. English","Microcosm and macrocosm -- Early works to 1800.; Science -- Early works to 1800.",376
"A43285",12175854,"55532","Wing H1397; ESTC R20517","Free","Helmont, Jean Baptiste van, 1577-1644.; J. C. (John Chandler), b. 1624 or 5.; Helmont, Franciscus Mercurius van, 1614-1699.","1664","Van Helmont's works containing his most excellent philosophy, physick, chirurgery, anatomy : wherein the philosophy of the schools is examined, their errors refuted, and the whole body of physick reformed and rectified : being a new rise and progresse of philosophy and medicine, for the cure of diseases, and lengthening of life / made English by J.C. ...; Works. English. 1664","Medicine -- Early works to 1800.; Medicine -- Philosophy -- Early works to 1800.; Fever -- Early works to 1800.; Plague -- Early works to 1800.",1223
"A38822",12265289,"58030","Wing E3530; ESTC R1871","Free","Everard, Giles.","1659","Panacea, or, The universal medicine being a discovery of the wonderfull vertues of tobacco taken in a pipe : with its operation and use both in physick and chyrurgery / by Dr Everard, &c.","Tobacco -- Physiological effect -- Early works to 1800.; Smoking -- Early works to 1800.",160
"A28961",15713696,"104480","Wing B3949; ESTC R36503","Free","Boyle, Robert, 1627-1691.","1685","An essay of the great effects of even languid and unheeded motion whereunto is annexed An experimental discourse of some little observed causes of the insalubrity and salubrity of the air and its effects / by the Honourable Robert Boyle ...","Medical climatology -- Early works to 1800.; Air.",315
"A43025",12158463,"55217","Wing H1078A; ESTC R15069","Free","Harvey, Gideon, 1640?-1700?","1696","A treatise of the small-pox and measles describing their nature, causes, and signs, diagnostick and prognostick, in a different way to what hath hitherto been known : together, with the method of curing the said distempers, and all, or most, of the best remedies : also, a particular discourse of opium, diacodium, and other sleeping medicines : with a reference to a very great case / by Gideon Harvey ...","Smallpox -- Early works to 1800.; Measles -- Early works to 1800.; Opium -- Physiological effect.",206
